Cidade,Jan.,Fev.,Mar.,Abr.,Mai.,Jun.,Jul.,Ago.,Set.,Out.,Total.
ABADIA DOS DOURADOS,"13357,19","121679,33","1839,46","629,68","2143,11","637,07","23237,41","9535,31","2250,95","2299,39","177608,9"
ABRE CAMPO, ,"6801,62", ,"2157,04","1237,31", ,"3888,64","3627,25","16400,78","4456,36","38569,01"
ACAIACA,"42424,46","47443,64","41879,21","25177,32","27681,76","45170,08","22992,41","14123,76","25724,17","42877,69","335494,5"
ÁGUA COMPRIDA, , , ,"4297,52", , ,"2978,89", , , ,"7276,4"
AIMORÉS,"3902,21","2403,01","3221,44","4794,23","1357,42","3593,74","1724,14","2481,38","2882,51","2897,56","29257,63"
AIURUOCA,"281,76","231,82","265,38","187,02","196,8","324,6","317,73","359,4","183,37","231,02","2578,9"
ALÉM PARAÍBA,"1117,12","253,17","926,1","91,82","1205,72","1147,49","1134,05","82,69",1180,"1180,27","8318,44"
ALFENAS,"235,36","22186,07","8017,3","9511,71","11871,13","13513,28","11977,22","9906,77","12241,45","9472,93","108933,2"
ALMENARA,"1692,7","1018,43","149,68","2201,91","3155,03","1883,39","1224,54","4536,26","9320,57","2298,41","27480,91"
ALPERCATA,"5372,48","6622,63","6164,94","10791,91","10321,03","15782,3","14030,7","16431,51","15702,35","15777,72","116997,57"
ALPINÓPOLIS,"674,32","662,97","1406,75","1695,18","1348,13","884,02","591,85","674,85","639,09","519,86","9097,01"
ALTEROSA,"144,79", ,"245,81", , , , , , , ,"390,61"
ALTO CAPARAÓ, ,"7,33", , ,"278,63", ,"123,82","117,49", , ,"527,27"
ALTO RIO DOCE, , , , , ,"7,92","7,2",12,"10,8", ,"37,92"
ALVINÓPOLIS,"7399,48","14495,92","5406,05","10436,48","14917,53","17465,48","19968,26","12649,32","12548,39","27381,7","142668,62"
ALVORADA DE MINAS, , , ,"4564,36", , , , , , ,"4564,36"
ANDRADAS,"264,37","4084,03","471,79","335,44","297,24","255,53","1563,92","365,96","1041,38","660,5","9340,17"
ANDRELÂNDIA,"44,14", ,"1631,89", , , , , , , ,"1676,03"
ANTÔNIO CARLOS, ,"238,52", ,"187,52", ,"238,22", ,"126,08","237,51", ,"1027,85"
ANTÔNIO DIAS,"1297189,66","1502752,35","1884045,14","1211641,95","1506709,45","1451848,14","1698904,25","1898259,31","2218445,1","1700302,4","16370097,75"
ANTÔNIO PRADO DE MINAS, , , , , , , ,"38,34","129,37", ,"167,71"
ARAÇUAÍ,"787,89","858,34","1013623,67","25442,94","413,56","1321,89","4459,64","3589,41","5814,24","2219,82","1058531,4"
ARAGUARI,"27487,28","6874,48","11623,49","5554,28","7006,66","9342,04","11145,5","11787,31","12240,02","9802,19","112863,24"
ARAPORÃ,"918,61","57,56","49,58","74,03","61,55","70,58","77,73", ,"104,31", ,"1413,95"
ARAÚJOS,"759,07","1133,75","955,84","1135,16","1111,87","784,4","859,22","831,61","1038,95","643,87","9253,75"
ARAXÁ,"1075747,43","224074,93","838,78","918420,67","819603,6","859820,46","1992241,33","819197,64","920586,41","993508,9","8624040,14"
ARCEBURGO,"217,15","220,68",47,"96,93","107,9","687,97","50,3","681,29","2713,6","1635,92","6458,74"
ARCOS,477604,"573590,84","450971,32","468848,22","394220,44","427521,49","498506,01","578364,26","591677,29","664197,67","5125501,54"
ATALÉIA, , , , , , , , ,"542,7","606,22","1148,92"
AUGUSTO DE LIMA,"1882,34","1945,6","1925,96","1499,81","1826,37","1896,29","1743,94","1282,79","1625,08","1654,02","17282,2"
BAEPENDI, ,"760,89","254,72","519,1","149,11",39,"52,2", , ,"131,3","1906,33"
BAMBUÍ,"2293,52","1820,3","1799,03","2325,93","3441,7","7376,05","4202,46","4575,5","4999,13","3572,7","36406,33"
BANDEIRA DO SUL, , , , , , , ,"141,12", , ,"141,12"
BARÃO DE COCAIS,"437463,22","6124691,88","3838894,83","1352160,25","2566438,24","4975833,99","2110274,77","6971021,59","4184938,79",5185998,"37747715,55"
BARBACENA,"1221,4","1672,36","1097,41","969,8","1166,59","1015,3","1449,42","144,12","2058,76","2282,59","13077,74"
BARROSO,"12282,82","30629,8","15664,09","11159,33","18903,5","19929,97","22643,71","19560,82","24532,63","22063,62","197370,28"
BELA VISTA DE MINAS,1579546,"1920071,5","1589639,54","1443771,72","1596189,38","1836419,86","1904520,63","1855227,52","1578353,08","1628559,73","16932298,97"
BELMIRO BRAGA, ,"312,65", ,"897,93","64554,78","16976,99","246,6","64,84", ,"120,45","83174,24"
BELO HORIZONTE, ,"22802,96","2743,48","88194,64","45841,07","792,28","9847,02","16591,8","208,55","11815,73","198837,53"
BELO ORIENTE,"233,15","601,87","203,93","192,11","224,99","237,79","316,22","398,14","96,5","621,7","3126,41"
BELO VALE,"6029569,21","9539534,87","9202665,76","9705455,2","11941933,35","3016028,47","4403526,02","4180086,19","3910506,78","2680837,04","64610142,91"
BERIZAL, ,"51,7", ,24,12,12,6,12, , ,"117,7"
BETIM,"171731,09","84431,83","80857,72","61139,73","74117,74","57757,94","88699,82","113373,24","117789,23","155957,67",1005856
BIAS FORTES, , , ,"1634,35", , , ,"172,13", , ,"1806,47"
BOA ESPERANÇA, ,"1403,26","1209,71","363,17","2460,7","1350,13","1355,9","1326,58","1432,41","1356,88","12258,73"
BOCAIÚVA,"463,1","5059,78","5201,75",3082,"3906,7","5778,29","7890,95","10827,78","3348,58","4233,8","49792,73"
BOM DESPACHO,"2780,31","6172,57","2448,62","4437,43","4154,74","2943,82","4974,17","2993,13","2928,21","6355,78","40188,79"
BOM JARDIM DE MINAS,"182,44","81,97", ,"132,2","279,1","252,25","227,39","243,26","216,82", ,"1615,43"
BOM JESUS DO AMPARO, ,"87,21","53,73", , ,"53,55","89,55","73,08","115,08", ,"472,2"
BOM SUCESSO,"153,08","175,88","174,83","165,55","150,77","800,86","1152,82","115,48","831,14","901,1","4621,51"
BONFIM, , ,"1024,93","350,41", , , ,"436,28", , ,"1811,62"
BORDA DA MATA, , , , , , , ,"42,35","7,8", ,"50,15"
BOTUMIRIM,"15512,94","12234,79","1200,13","14021,05","14994,9","16004,11","18583,69","17508,32","15788,62","18972,89","144821,43"
BRÁS PIRES, ,"36,07",18,"18,34","18,07","40,92",18,"25,79","44,36", ,"219,54"
BRASILÂNDIA DE MINAS,"4682,25","3376,39","3023,17","3452,08","3740,72","4378,93","4278,43","3533,39","3300,77","3451,12","37217,24"
BRASÍLIA DE MINAS, , , ,"426,53", , , , , , ,"426,53"
Brazópolis, ,"18689,04", , , , , , , , ,"18689,04"
BRUMADINHO,"6985386,66","5998565,32","5672157,68","5094195,88","4464129,27","4737188,7","4927965,82","4980514,61","7340677,17","5397635,03","55598416,14"
BURITIZEIRO,"214,57","930,59","205,41","144,08","176,41","2058,35","459,43","315,54","766,94","287,51","5558,84"
CABO VERDE,"839,06","2051,48","1115,3","1759,99","1201,06","1392,19","2233,85","2032,09","2081,93","2661,46","17368,43"
CACHOEIRA DA PRATA,"269,28","1858,76","1886,44","224,9","17799,19","290,93","4604,61","3221,6","1671,62","711,05","32538,38"
CACHOEIRA DE MINAS,"1656,37","1211,56","275,36","2392,18","1201,03","1375,73","1760,65","820,42","878,16","1218,79","12790,26"
CACHOEIRA DE PAJEÚ,"93,14", ,"3047,62", ,"92,49","3175,39","45,86", ,"72,67","39,19","6566,36"
CACHOEIRA DOURADA,"82,43","67,61","47,23","48,35","36,95","43,09","45,64","31,49","64,4", ,"467,2"
CAETÉ,"35230,74","82777,5","21222,75","26410,45","107923,24","54780,65","95628,74","252516,32","88535,39","54201,01","819226,8"
CAIANA,"55,53","51,8", ,"59,8","187,92","65,88","72,38","63,86", ,"132,12","689,3"
CALDAS,"115110,11","16933,19","16309,81","23611,12","15453,77","22633,93","19408,87","13961,47","14567,61","14653,77","272643,65"
CAMACHO,"681,51","687,17","693,34","698,42", , , , , , ,"2760,44"
CAMBUÍ,"7313,83","7458,91","7605,83","7454,41","7592,71","8669,37","8138,91","7610,6","8370,18","8209,18","78423,94"
CAMPINA VERDE,"681,53","1343,48","79,07","1545,35","2993,26","2094,4","3066,14","1612,88","1589,17","1837,72",16843
CAMPO BELO,"18089,35","14822,64","15770,02","13593,26","14086,93","17142,3","16751,15","23277,01","32074,97","34398,69","200006,31"
CAMPOS GERAIS, ,"110,59","46,72","223,07","759,11","468,26","341,74","55,81","992,71","596,15","3594,16"
CANA VERDE,"206,69","218,36","170,84","43,54","470,44","389,86","226,78","267,68","263,26","215,1","2472,57"
CANAÃ,"55,27","20,3","58,45", ,"213,36","135,67","196,85","95,79","188,89", ,"964,58"
CANÁPOLIS,"124,25","124,09","105,56","157,96","131,23","150,61","165,86", ,"222,6", ,"1182,17"
CANDEIAS,"5957,53","5633,16","2463,95","3133,99","4808,12","7211,63","10393,46","9574,62","14896,1","20313,67","84386,22"
CANTAGALO, , , ,"34,79", , , , , , ,"34,79"
CAPARAÓ,"85,84", ,"26,89","61,63", , , , , , ,"174,35"
CAPELINHA, , , , ,"174,94", , , , , ,"174,94"
CAPIM BRANCO,"15,96","2,73","3,6","6,96","3,6","6,72","3,36","7,2","7,2", ,"57,33"
CAPINÓPOLIS,"162,97","917,36","325,21","584,35","335,9","264,7","512,92","614,82","409,03","633,77","4761,02"
CAPUTIRA, , , , , , , , ,"23,4", ,"23,4"
CARAÍ, ,"486,7", , , , ,"1643,87","1835,06","1954,68","4119,96","10040,27"
CARANAÍBA,"23875,44","25751,4","26598,57","18353,93","28711,51","29051,97","25678,71","17015,2","32593,93","27131,3","254761,96"
CARANDAÍ, , ,"510,74","121,32", ,12, , , , ,"644,06"
CARATINGA,"303,56","1945,63","1029,41",1102,"1196,56","1212,07","1304,12","1066,41","2291,62","1129,58","12580,95"
CARBONITA,"153,84","315,65","179,2","105,6","510,5",261,"158,76","27,9",378,"119,66","2210,11"
CAREAÇU,"873,71","455,69","267,12","103,74","9030,37","108,46","400,08","1158,47","246,96", ,"12644,6"
CARMO DA MATA,"43442,39","14811,4","27863,58","30119,7","21922,97","13790,42","10479,8","8493,91","11517,55","10110,97","192552,68"
CARMO DO CAJURU,"34320,56","27630,18","24573,38","17945,74","15511,21","17381,98","21853,7","30468,16","30478,33","32315,47","252478,7"
CARMO DO PARANAÍBA,"6587,1","3692,42","9069,23","18669,17","1019,65","3387,87","8480,87","14499,67","14062,21","10267,54","89735,74"
CARMO DO RIO CLARO,"67,07","7607,02","3200,68","2756,38","7671,11","3189,31","2142,37","2594,25","2263,79","4360,82","35852,8"
CARMÓPOLIS DE MINAS,"15,6","79,2","22,98","159,17","44,4",36,"60,6","49,86",36,36,"539,81"
CARNEIRINHO,"306,35","209,05","188,77","197,8","165,95","225,77","199,45","161,01","172,26","273,05","2099,47"
CASCALHO RICO,"25,28", ,"50,56","10,88","16,26","16,24","16,27", , , ,"135,49"
CÁSSIA,"1444,25","1060,57","2143,9",1784,"1559,65","1799,78","1765,54","1389,92","1775,62","1915,03","16638,26"
CATAGUASES,"407,54","36,59","643,09","403,69","469,83","418,34","806,42","904,04","181,84","516,16","4787,55"
CATAS ALTAS,"1883493,9","1964515,43",2124635,"287305,67","297814,84","416453,07","686731,49","565666,55","1488723,58","1868559,71","11583899,24"
CAXAMBU,"131,68","573,44","1238,51","895,86","572,73","301,06","820,45","690,54","605,77","527,59","6357,63"
CEDRO DO ABAETÉ, , , , , , , ,"8029,81", , ,"8029,81"
CENTRAL DE MINAS,"33,48","33,48","33,48","33,48","33,48","33,48","33,48","33,48","66,96","33,48","368,28"
CHÁCARA, ,"3392,87",1378,"1404,82","1398,96","937,66","987,23","857,22","869,78","929,38","12155,92"
CHIADOR,"205,2","178,3", , , , , , , , ,"383,5"
CIPOTÂNEA,"66,7","75,6","187,57","473,71","33,1","38,36","28,14","124,83","19,64", ,"1047,65"
CLARAVAL,"328,41", ,"802,68", ,"1372,96", , , , , ,"2504,05"
CLÁUDIO,"6955,79","4383,74","6123,67","5086,52","4588,64","4840,22","4331,98","6362,15","7045,69","7411,73","57130,12"
COLUNA,"79,21", , ,"68,32", , , , , , ,"147,53"
CONCEIÇÃO DA APARECIDA,"128,64","169,44","189,72", ,"53,76","248,64","219,06","425,28","233,16","211,6","1879,3"
CONCEIÇÃO DA BARRA DE MINAS,"6701,33","6272,17","4516,12","5535,88","5244,52","10197,68","2767,94","5489,72","5347,12","6695,35","58767,84"
CONCEIÇÃO DAS ALAGOAS,"1014,73","618,5","3281,81","862,85","581,15","636,3","520,94","394,57","1169,06","745,09","9825,01"
CONCEIÇÃO DE IPANEMA, , ,"120,04","65,74", , , , ,"173,52","1366,24","1725,53"
CONCEIÇÃO DO MATO DENTRO,"24389137,34","27408110,57","15480228,22","21706872,76","18893749,49","20601500,16","18553313,31","24102695,12","16203715,13","23836124,06","211175446,17"
CONCEIÇÃO DO PARÁ,"200070,1","273995,74","170821,19","171661,6","224778,4","215187,45","209001,86","346053,66","137897,2","187720,3","2137187,5"
CONCEIÇÃO DO RIO VERDE,"223,98","228,08","320,79","305,81","351,37","312,28","370,46","302,73","167,19","324,58","2907,28"
CONCEIÇÃO DOS OUROS, ,"134,67", ,"160,25", , , ,"209,69", , ,"504,61"
CONGONHAL,10367,"8780,69","10565,62","10417,37","5843,08","4550,39","9150,34","8321,32","7990,9","2498,81","78485,52"
CONGONHAS,"16388949,37","17349437,4","24553628,75","13855454,11","11053443,07","19446405,02","19080279,06","15409660,96","21254607,61","21447483,46","179839348,8"
CONGONHAS DO NORTE,"2230,07","2354,41","445,94","890,7","1178,4","770,69","2146,6","1841,47","1575,92","3014,48","16448,69"
CONQUISTA,"613,93","3502,7","1707,85","3353,12","709,89","4265,53","1226,05","3916,31","736,48","2910,12","22941,98"
CONSELHEIRO LAFAIETE,"17591,28","40865,99","18879,62","21054,17","34940,18","30666,79","39386,12","38305,79","46071,7",40628,"328389,66"
CONSELHEIRO PENA,"2047,42","5436,98","3824,77","2057,95","2093,77","3960,57","2497,22","4199,05","4905,84","2752,54","33776,11"
CONTAGEM,"216331,63","208634,26","88082,93","79927,13","97095,8","120621,62","112718,6","160661,89","175702,8","217248,14","1477024,82"
COQUEIRAL,"253,37", , , , , , , ,"120,41", ,"373,78"
CORAÇÃO DE JESUS, ,"548,31", , , , , , , , ,"548,31"
CORDISLÂNDIA,"112,37","21,92","318,32","75,48","22,17", ,"109,8", ,"56,86","33,15","750,08"
CORINTO, ,"617,52","77,57","8197,69","4,1","100,8","384,38", , ,"2314,56","11696,62"
COROMANDEL,"37045,52","15098,99","20849,28","13163,34","13050,18","122517,65","117613,51","150626,08","197037,68","184639,06","871641,3"
CORONEL FABRICIANO, ,"107,69","71,92", ,"86,57", ,"77,09", ,"206,61","2750,35","3300,23"
CORONEL MURTA, ,"26568,97","95,56", ,"1008,32", ,"71,36", , , ,"27744,21"
CORONEL XAVIER CHAVES,"1273,86","4727,9","5912,86","1213,28","370,85","2780,53","1565,88","1717,42","1614,71","1268,6","22445,9"
CÓRREGO DANTA,"46,81","102,01","59,62","52,84","58,37","40,44",65,"42,2","49,24", ,"516,53"
CÓRREGO FUNDO,"3358,15","4922,62","3950,93","4102,45","4960,3","4612,45","6412,45","7196,44","8439,17","7226,38","55181,34"
COUTO DE MAGALHÃES DE MINAS, ,"879,16","23,69","29,17", , ,"205,12","56,63", ,"66,25","1260,02"
CRISTÁLIA,"316,59","50,32","5296,32","6218,93","8303,48","9604,62","8220,8","6317,69","9622,96","9279,71","63231,43"
CRISTIANO OTONI,"41568,26","23420,17","18798,05","21570,43","17893,75","25405,84","22645,58","24734,81","29590,64","35795,8","261423,32"
CURRAL DE DENTRO, ,"226,3","66,12","90,08","255,19","69,88","440,05","1403,25","2039,95","2690,45","7281,26"
CURVELO,"19023,13","19912,5","16978,61","18777,87","14811,1","15646,03","19460,08","21395,92","22206,04","28104,83","196316,11"
DATAS,"6273,32","889,33","8829,41","460,82","12653,58","7793,5","7660,4","12263,99","7396,26","8659,85","72880,47"
DELFIM MOREIRA,"6905,25","6775,35","5854,62","10148,93","5149,2","4826,21","5062,61","5342,55","6684,97","6859,81","63609,5"
DELTA, ,"1310,32", , , , , , , , ,"1310,32"
DESCOBERTO, ,"872,72","1374,59","383,05","243,08","283,37","517,42","562,58","479,12","482,96","5198,89"
DESTERRO DE ENTRE RIOS,"264985,78","397888,75","341571,24","383755,11","350155,51","248874,36","409902,29","232965,02","241259,3","214457,42","3085814,78"
DIAMANTINA,"21302,11","10287,85","12633,14","25900,5","18798,74","63807,96","28117,45","62254,09","60073,84","56336,94","359512,63"
DIVINÉSIA,"431,5","148,18","1043,51","840,95","676,67","933,93","930,01","641,71","28,36","597,23","6272,06"
DIVINO, ,"80,27","28,82", ,"37,19","26,76","47,35", ,"32,93", ,"253,33"
DIVINO DAS LARANJEIRAS,"168,17","1512,55", ,"161,11", ,"21,83","6121,47","6767,58", , ,"14752,7"
DIVINOLÂNDIA DE MINAS, ,"13763,14","3220,21","3423,7", ,"6894,65","8791,46","4626,8","10803,9","7275,94","58799,81"
DIVINÓPOLIS,"8602,14","7568,24","7976,21","8173,13","8077,42","11527,75","10397,62","10445,28","13145,45","10650,21","96563,45"
DIVISA NOVA, , ,"165,14", ,"248,02", ,"163,93", ,"90,72", ,"667,81"
DOM JOAQUIM, ,"1934,94","2655,86","5823,5", , ,"1373,48","2713,03", ,"3314,8","17815,61"
Dona Euzébia,"80,34", , ,"362,36", , , , , , ,"442,7"
DORES DE CAMPOS,"6118,17","14960,77", ,"12360,68","4685,9","2835,25","44456,08","17163,19","21028,78","23528,23","147137,05"
DORES DE GUANHÃES,"326,22","1018,27","556,6","485,7","1881,36","1974,97","1801,01","776,32","874,43","4466,65","14161,52"
DOURADOQUARA,"1626,23","458,9","211,81","311,8","316,35","160,3","671,78","60,14","71,02","71,02","3959,36"
DURANDÉ, , , ,"126,98", ,"2062,56",36, , ,916,"3141,55"
ENGENHEIRO CALDAS,"15,12","15,88","12,1","16,63", ,"18,14","13,61","18,9","15,88", ,"126,25"
ENTRE RIOS DE MINAS,"552,25","103,51","513,08","147,97","83,89","282,16","82,12","179,65","164,69","175,79","2285,11"
ERVÁLIA,"2715,4","3110,21", ,"2426,36","2613,47","2420,81", ,"7195,15","4437,41","4904,9","29823,72"
ESMERALDAS,"10842,46","8493,53","5823,86","6489,91","5357,37","7658,44","9326,5","9211,7","9208,2","6749,9","79161,86"
ESPERA FELIZ,"2553,55","1628,54","2110,64","3404,98","2504,84","5852,3","8073,46","5643,99","7122,8","7672,99","46568,1"
ESPINOSA,"9,29","1384,96","2968,43","7221,8","5,9", ,"68,67", ,"903,14", ,"12562,19"
ESTIVA,"272,9","1928,15", , , , , , , ,"108,58","2309,64"
EXTREMA,"337,21","32,78","637,7","496,42","114,6","536,77","420,55","541,63","445,26","450,34","4013,26"
FAMA, ,"945,72","511,08","502,92","566,16","581,76","627,24","500,16","465,96","544,56","5245,56"
FELÍCIO DOS SANTOS,"61,43","1149,19", ,"123,42","132,47","203,28","2957,63","220,6","863,33","49,67","5761,01"
FELISBURGO,"31,14",36,60, ,30,45,"63,42",72,90,72,"499,56"
FELIXLÂNDIA, ,"53,9","22,81","23,32","22,06","21,41","23,33", ,"23,29", ,"190,12"
FERROS,"371,16","490,67","546,5","387,28","289,29","406,75","405,85","496,49","324,38",547,"4265,36"
FERVEDOURO,"71,1","89,07","156,77", ,"124,52","859,25","1307,49","855,28","954,8","1014,14","5432,43"
FORMIGA,"460,27","285,85","350,4","455,79","569,22","118,34","76,73","709,04","346,96","459,47","3832,07"
FORMOSO,"10542,07","5981,02","1315,3","884,8","897,96","733,95","2286,96","2595,76","6595,46","3952,3","35785,58"
FORTALEZA DE MINAS, ,"15,77","12,75","5,95","16,66","18,97","21,97","15,55","21,88", ,"129,49"
FORTUNA DE MINAS,"211,66","78,37","1459,61","176,72","419,5","421,87","71,69","400,52","424,41","658,1","4322,45"
FRANCISCO SÁ, ,"496,42","300,17","586,01", ,"952,26","253,44", , ,"732,97","3321,26"
FRANCISCÓPOLIS,"25222,88","3146,78","11639,36","8659,67","19331,83","28671,4","26912,38","27392,75","30878,17","61655,95","243511,17"
FREI GASPAR, , , , , , ,"105,5","257,47", , ,"362,97"
FREI INOCÊNCIO,"206,52","119,1","232,8","309,9","445,46","200,17","200,71","361,68","200,46","89,81","2366,62"
FRONTEIRA, , , ,"12,82", , , , , , ,"12,82"
FRUTA DE LEITE, , , ,"46507,13","3767,53","3286,9","3945,6","3331,22","3209,21","3163,53","67211,12"
FRUTAL,"1145,65","3144,97","2922,98","4516,18","1144,79","2041,16","2901,41","3397,87","2783,42","3856,63","27855,07"
GALILÉIA,"554,01","570,83","525,26","438,33","577,79","454,61","543,38","594,07","11264,29","595,91","16118,48"
GOIANÁ, , , , , ,"176,86","100,5","143,88", ,"37,03","458,27"
GONÇALVES,"1528,35",39, , , , , ,"11,83", ,"38,2","1617,37"
GOUVEIA,"12090,58","13186,07","15586,19","14829,22","13136,09","14879,59","15340,12","14700,88","14883,64","23297,47","151929,84"
GOVERNADOR VALADARES,"4710,36","8325,86","10372,11","3222,86","6754,14","4443,85","5943,13","5345,36","12127,96","10467,04","71712,68"
GRÃO MOGOL,"10420,7","6627,51","1688,17","12891,3","14032,72","14181,77","8389,1","17680,27","23122,07","17824,25","126857,89"
GUANHÃES,"263969,87","233536,82",200525,"124022,39","107678,61","141212,33","1401,05","262792,87","144815,2","251686,25","1731640,4"
GUAPÉ,"202,1","385,66","248,33","282,14","240,88","153,06", ,"392,17","226,75","280,27","2411,35"
GUARACIABA, ,"49,36", ,"90,52","37,9","55,75","108,25","49,76","71,41", ,"462,95"
GUARANI,"78,25","164,02","59,69", ,"668,14","24,48", ,"178,36","226,86","100,95","1500,74"
GUARARÁ,"171,52","845,6","381,01","619,26","379,62","435,2","259,96","458,07","367,41","487,92","4405,57"
GUARDA-MOR,"82,29","430,72","104,63","468,92","172,81","330,92","373,94","210,36","327,31","611,65","3113,54"
GUAXUPÉ,"162,88","13,68", ,"21,37","37,62","93,84","22,83","32,83","75,31", ,"460,36"
GUIDOVAL, ,129,"152,62","125,91","117,38","130,5","20,16","122,65","121,21","168,51","1087,93"
GUIMARÂNIA, , , ,"1071,67", , , , , , ,"1071,67"
GUIRICEMA,54,"18,07","168,32","348,92","196,66", ,"154,3",9,"175,03","68,16","1192,47"
GURINHATÃ, , , , , , ,"132,68", , , ,"132,68"
HELIODORA, ,"36,26", ,"80,29", , , , , , ,"116,56"
IBERTIOGA,36, , , , ,"38,4",48,"38,4",48,48,"256,8"
IBIÁ,"14090,13","11273,9","10462,99","12593,13","10718,23","17624,95","19331,94","13455,85","15653,12","15220,86","140425,1"
IBIRACI,"697,18","5589,35","2545,21","5757,28","5352,68","6235,75","8190,37","5983,61","618,25","612,38","41582,05"
IBITURUNA,"653,26","686,96","713,27","706,72","703,25","800,74","722,57","2273,74","749,69","624,5","8634,69"
IGARAPÉ,"886104,58","619043,34","373140,92","734882,73","688764,32","250834,79","520895,54","284346,87","209297,72","11476,48","4578787,29"
IGARATINGA,"5779,39","688,66","17823,44","14944,21","10251,19","11659,1","9422,99","10700,26","10499,9","10781,95","102551,09"
IGUATAMA,"40,17","47,97","18,72", ,"32,44", , ,"10,93", , ,"150,22"
IJACI,"71208,85","87004,28","54875,11","70859,71","77721,53","67257,33","70929,58",37682,"77121,73","78745,9","693406,02"
INCONFIDENTES,"187,4","163,76","449,35","320,17","200,26","93,26","641,25","335,46","23,99","74,06","2488,97"
INDAIABIRA,"155,65","114,63","22,75","26,33","30,1","24,08", ,"25,96","24,08", ,"423,56"
INDIANÓPOLIS,"77,36","91,51", , , , , , ,"168,43", ,"337,3"
INGAÍ,"886,5", , , , , , , , , ,"886,5"
INHAÚMA,"29273,23","28069,22","18983,74","18880,3","23686,87","23573,91","26610,61","26717,9","24485,08","25527,13","245807,99"
IPANEMA,"349,93","399,45","468,42","175,43","546,86","371,96","374,47","597,49","265,14","351,43","3900,57"
IPATINGA,"4658,51","3298,85", , ,"14371,99","5706,82","6776,33","7683,42","10558,75","7174,44","60229,13"
IPIAÇU, , , , ,"310,81", ,"49,5","279,63","342,8","290,52","1273,27"
IRAÍ DE MINAS,"26,4","301,2", ,"162,54","36,08",36,36,"352,51",36,"166,32","1153,05"
ITABIRA,"13451473,4","19807696,2","14306676,45","18279713,77",10600934,"21679992,97","17543650,37","16027744,85","18058830,69","16317794,76","166074507,46"
ITABIRINHA, ,"748,57", , , , , , , , ,"748,57"
ITABIRITO,"17744168,39","21166561,49","18544857,71","18833002,6","17884240,87","17277109,7","15322784,16","17131540,93","13966980,65","13844296,47","171715542,98"
ITACAMBIRA, ,"165,41","333,05","64,06","143,04","233,36","215,83","175,1","220,59", ,"1550,44"
ITACARAMBI, , ,"18,1","3,38", ,"35,13", , , , ,"56,6"
ITAGUARA,"24,24","222,88","491,3","868,85","138,98", ,"314,58","574,04","448,78","353,33","3436,99"
ITAJUBÁ,"4473,04","3429,49","4776,86","6020,15","3395,9","3332,69","4275,24","5443,16","4767,04","4097,17","44010,73"
ITAMARANDIBA,"952,78","1620,66","196,92","1403,77","318,63","142,6","2327,13","418,38","456,74","1903,9","9741,5"
ITAMARATI DE MINAS, ,"66,41", , ,"64,34", ,"64,9", , , ,"195,66"
ITAMBACURI, ,"955,67", , ,"39,31", , , , , ,"994,97"
ITAMOGI,"1550,25","1471,45","1290,31","1010,51","933,16","841,82","1462,91","1360,57","1764,29","1196,95","12882,22"
ITAMONTE, ,"1360,57","640,43","630,62","544,15","502,1","624,7","524,08","452,78","474,96","5754,4"
ITAOBIM,"4852,85","10113,5","3514,4","2663,24","158,16","2613,04","5385,43", ,"298,56","396,54","29995,73"
ITAPAGIPE,"285,8","12,01","672,58", , ,"928,3", , ,"1078,25", ,"2976,94"
ITAPECERICA,"37045,38","49318,17","76556,65","35720,09","51028,2","43021,48","42894,22","36338,78","39327,84","69825,23","481076,05"
ITATIAIUÇU,"5927448,04",5928479,"9412279,21","5526033,04","6206704,49","6860053,29","4043982,25","4481725,28","5243776,43","4493102,77","58123583,8"
ITAÚ DE MINAS, ,"318328,96","138136,96","137330,75","88695,46","96399,51","172667,92","167545,91","236808,41","274001,69","1629915,56"
ITAÚNA,"18199,34","42520,3","19342,54","28031,77","28987,31","75843,51","38467,82","87779,14","49775,72","33886,61","422834,06"
ITINGA,"39063,59","25317,74","1650276,9","42428,44","58882,89","27200,8","423674,18","71053,33","56086,55","56215,39","2450199,82"
ITUETA,"607,64","377,78","153,01","456,85","438,7","496,75","495,04","406,04","143,77","521,15","4096,74"
ITUIUTABA, ,"4316,26","1123,42","2917,79","2812,35","2861,86","2312,35","2340,99","2231,29","2192,32","23108,62"
ITURAMA,"390,43","194,62","406,97","336,04","114,22","400,27","461,68", ,"450,66","489,67","3244,55"
ITUTINGA,"265,45","4766,69","2448,04","5759,55","7354,25","8163,05","6122,98","5811,23","6581,06","6401,37","53673,67"
JABOTICATUBAS, ,"4936,16","3839,21","2539,85","2295,62","4508,39","5375,7","8042,32","6478,19","5023,01","43038,45"
JACUTINGA,"3590,68","2419,91","2572,49","2078,56","2169,56","2164,6","2280,64","1486,06","2116,42","1810,13","22689,05"
JAGUARAÇU,"1669,17","6224,43","2450,53","3550,88","1740,09","2456,54","2046,01","1477,21","4110,68","2082,61","27808,15"
JAÍBA, ,"9975,94","11997,17","4100,11","5036,34","8122,78","8010,06","11535,88","10960,97","11370,89","81110,14"
JAMPRUCA,"7004,7","7022,61","4447,01","3655,95","5375,21","8383,59","5648,51","6409,04","15075,04","5890,3","68911,96"
JANAÚBA,"7054,06","4365,11","4675,62","5629,9","7238,02","7207,16","12182,47","9628,27","10906,68","11224,91","80112,2"
JANUÁRIA, ,"101,08","64,8","89,78","1867,21","2497,88","1909,1","2023,94","2123,83","103,6","10781,23"
JAPARAÍBA,"405,79","1094,57", ,"4565,89", , ,"52,03", ,"1598,74", ,"7717,01"
JECEABA,"373,64","53,11","2416,76","210,74","158,58","372,6", ,"83,2","254,19","117,16","4039,98"
JEQUERI,"42,14","211,46","65,06","82,36","30,11","4003,77","14726,75","87,53","35188,04","14455,3","68892,52"
JEQUITAÍ,"620,09","102,37", , , , ,"281,5","74,99", ,"108,92","1187,86"
JEQUITIBÁ, ,"376,51", , , , , , , , ,"376,51"
JEQUITINHONHA, , , ,"123,2","132,75", , , ,"128,6","257,97","642,52"
JESUÂNIA,"2056,34","744,92","716,91","956,9","1742,7","1719,05","2063,27","1459,68","1547,56","1780,64","14787,98"
JOANÉSIA, , , ,"802,93", , , , , , ,"802,93"
JOÃO MONLEVADE, , , , , , ,"300,46","4120,4","4725,5","13669,31","22815,67"
JOÃO PINHEIRO,"2356,46","1752,67","2379,4","2436,85","821,95","1860,91","3555,01","12482,86","4313,69","2989,07","34948,87"
JOSENÓPOLIS, , , ,"5532,67", , , , ,"449,93", ,"5982,59"
JUATUBA, ,"7108,75","3261,05","2788,78","3304,3","3179,95","3303,04","2421,82","2805,44","3066,05","31239,17"
JUIZ DE FORA,"11380,96","24822,04","15668,62","15049,17","15738,07","22028,09","18821,27","18478,32","20888,87","18940,39","181815,8"
LAGAMAR,"8947,04","6670,63", ,"3942,58","6902,21","6532,7","5598,72","10027,21","20417,18","24106,96","93145,24"
LAGOA DA PRATA,"101,92","646,34","249,39","3920,58","628,96","499,41","430,79","320,5","333,83","896,08","8027,8"
LAGOA FORMOSA, , , ,"285,09","327,23","251,53",250,"580,66","1310,47","91,18","3096,15"
LAGOA GRANDE,"510,79","3353,68","394,96","725,67","1098,94","698,58","559,49","1484,77","1313,07","1078,7","11218,66"
LAGOA SANTA,"38346,26","31312,61","46847,42","34614,11","16803,13","24219,61","41307,8","44106,77","16906,8","44636,21","339100,72"
LAJINHA,"167,2","45,08", , , ,"351,73","515,56","400,75","534,23","145,1","2159,66"
LAMBARI,"196,99","181,98", ,"1226,39","151,07","147,94","141,31","116,6","132,31","101,6","2396,2"
LASSANCE, ,"201,8", , ,"218,02", , , , , ,"419,83"
LAVRAS,"1747,1","12077,15","7998,77","8203,29","6986,74","8873,58","11948,57","12060,52","12361,55","8386,41","90643,68"
LEANDRO FERREIRA,"382,81","95,29","53,47","133,43","112,15","208,19","427,18","212,74","87,55","81,67","1794,49"
LEME DO PRADO, , ,"277,78", , , , , , ,"225,67","503,44"
LEOPOLDINA,"4566,96","8834,85","3894,33","2423,45","3636,58","3892,59","2790,52","5113,32","5016,01","5802,29","45970,91"
LIBERDADE, ,"152,96", ,"126,57", ,"466,1", ,"2244,96","1373,15", ,"4363,74"
LIMA DUARTE,"349,8","333,55","533,68",1489,"167,76","297,77","663,98","407,28","288,46","155,72",4687
LIMEIRA DO OESTE,"942,8", , , , , , , ,"669,53",186,"1798,33"
LUMINÁRIAS,"2164,65","1155,74","2777,21","1591,1","2112,81","2445,28","3611,25","2599,52","3500,4","2733,41","24691,37"
MACHADO,"183,16","149,78","438,35","323,78","185,85",320,"457,93","246,22", ,"176,54","2481,61"
MALACACHETA,"253,33","776,8", ,"798,5","682,81","639,85","890,02","858,59","765,37","971,94","6637,2"
MANHUAÇU,"3876,25","3758,21","2193,86","2238,4","6212,43","121,7","5815,77","295,43","2425,44","3366,71","30304,21"
MANHUMIRIM,"26,89","32,29","101,72","106,19","22,85","62,23","86,61","25,99","63,54","105,2","633,51"
MANTENA,"118,8","9,6","212,4","10138,99",9647,"1674,85","9263,08","4862,06","7218,2","3396,94","46541,93"
MAR DE ESPANHA, ,"283,34","98,5","154,31","805,22","180,97","154,53", ,"1496,53","1341,71","4515,11"
MARAVILHAS,"177,77","123,04","53,02", ,"288,82","161,59","263,38","332,26","257,61", ,"1657,49"
MARIANA,"12433617,13","13335094,69","12749244,31","14086512,82","19906524,45","10404144,07","16186067,6","13415208,98","9312035,08","16007665,95","137836115,08"
MARILAC,"51,81","53,16","47,1", ,"61,93", ,"75,6","57,84","57,6", ,"405,04"
MÁRIO CAMPOS,"189067,25","237889,04","332933,71","83412,18","121595,96","174687,65","116953,6","60556,19","22289,45","71053,54","1410438,58"
MARTINHO CAMPOS,"1539,92","462,28","481,61","868,38","1487,11","1059,03","1433,89","5078,65","1597,91",898,"14906,77"
MATA VERDE,"914,08","5841,97","636,02","2062,16","1052,31","2311,92","3242,55","548,36","6411,34", ,"23020,72"
MATEUS LEME,"527650,34","315687,27","212426,12","122224,43","385250,82","99492,3","344254,23","274334,08","379883,2","305320,38","2966523,17"
MATIAS BARBOSA,"32483,77","11860,05", ,11621,"11424,68","32303,93","16194,24","15219,45","18795,23","18054,25","167956,59"
MATIAS CARDOSO, ,"36,29", ,"53,12", ,"30,53","240,54","95,75","102,34","126,86","685,42"
MATIPÓ,"3835,64","3958,95","3979,05","3855,38","3178,39","3730,64","3500,96","3086,78","2753,06","2975,65","34854,5"
MATO VERDE, ,"1927,07","857,21","924,44","1122,19","1327,86","1342,93","1961,09","3579,01","4321,84","17363,63"
MATOZINHOS,"160040,2","139113,41","131036,39","118366,91","121178,49","137639,85","145147,44","138389,75","144774,55","177238,58","1412925,57"
MATUTINA, , , ,"433,07", , , , , , ,"433,07"
MEDINA,"240,88","80,63","124,02","73,36","29,85","97,26","3104,04","3371,72","1322,63", ,"8444,4"
MERCÊS, ,"6,7","58,15","4,23","21,86", ,"39,04","99,5","46,3","91,63","367,41"
MINAS NOVAS,"584,07","133,31","328,75","152,7","239,32","63,6",84,"986,38","411,4","508,67","3492,18"
MIRABELA, , , ,"13057,16", , , , , , ,"13057,16"
MIRADOURO,"6,58", , ,"21,17","26,47","26,47","30,29","22,94","24,7", ,"158,61"
MIRAÍ,"20050,22","216941,67","27767,99","103338,14","92154,56","160331,27","215044,61","160371,53","87841,52","28030,33","1111871,85"
MOEDA, ,"920,36","248,82","493,44","302,73","589,7","652,54","1179,28","705,33","455,15","5547,37"
MOEMA, ,"18,14", , , , , , , , ,"18,14"
MONJOLOS,"240,79","1288,49","992,28","879,49","1866,55","3094,69","561,01","2996,99","5099,68","1311,81","18331,78"
MONTE BELO,600,"499,8","341,28","48,48","82,8","406,2","96,07","295,2","75,17","350,56","2795,56"
MONTE CARMELO,"1950,9","2116,79","879,74","8781,2","3410,41","778,51","797,58","1111,24","1131,74","1013,18","21971,29"
MONTE SANTO DE MINAS,"118,5", , ,"278,02", ,"155,59","393,5", ,"154,39",58,"1158,01"
MONTE SIÃO,"40,31","38,05","14812,54", ,"41,23","39,4","39,19","39,24","32,7","41,04","15123,71"
MONTES CLAROS,"10775,99","143707,96","47744,96","38794,96",52708,"83596,69","101913,98","87587,77","120429,59","100421,47","787681,37"
MONTEZUMA, , , , , ,"497,8", , , ,"71,51","569,3"
MUNHOZ, ,"38,76","84,55","151,97","31,92", ,"34,2", , ,"36,48","377,89"
MURIAÉ,"6573,7","5038,76","9873,5","4336,39","5438,34","7956,55","7191,11","9308,62","10013,05","8744,33","74474,34"
MUTUM,"5080,08","3782,59","1931,36","4263,28","4037,65","5897,29","4558,05","4562,17","10761,96","7418,83","52293,26"
MUZAMBINHO,"16889,26","13618,27","13831,28","19005,94","22665,71","27194,25","17594,32","14377,8","19482,85","18218,16","182877,84"
NANUQUE, ,247,"211,99","91,06","261,73","301,63","606,91","212,08","305,1","222,9","2460,38"
NAQUE,"102,75",117, ,135,"149,4",96,"102,6","76,2","110,1","43,2","932,25"
NATÉRCIA, ,"145,66","38,4","38,54","45,9", ,"45,9", ,"38,99", ,"353,39"
NAZARENO,"1383012,98","895475,13","1130573,91","273788,8","813682,42","385305,95","765566,58","432056,63","302023,91","529186,41","6910672,73"
NEPOMUCENO,"165,33","409,45","378,11","323,09","166,64","229,52","308,88","328,3","275,69","337,61","2922,61"
NOVA LIMA,"12966936,22","14799866,29","9829443,28","10272706,99","12581359,84","13794453,77","15030630,58","19431491,29","16006748,47","16474876,64","141188513,36"
NOVA PONTE, , , ,"721,42", ,"905,75", , , ,"172,1","1799,26"
NOVA SERRANA,"15568,75","24643,96","11885,04","10653,82","10791,73","12002,17","10401,07","15949,6","19438,25","25509,09","156843,47"
NOVA UNIÃO, ,"5269,15","3376,66","2926,11","3167,17","3980,14","3466,18","3421,76","4278,61",3909,"33794,77"
NOVO CRUZEIRO,"3092,18","11449,13","4227,26","10231,48","1481,52","1924,9","271,25",883,"227,95","1000,91","34789,58"
OLARIA, , , , , , ,"3860,59", , , ,"3860,59"
OLHOS-D'ÁGUA,"8617,01","5187,02","4185,92","5112,48","7064,29","7239,16","7538,81","8340,38","9666,81","9074,77","72026,66"
OLIVEIRA,"201923,98","188120,17","149420,91","174111,4","140482,08","88841,66","103212,03","112181,87","136810,58","130064,18","1425168,87"
ONÇA DE PITANGUI,"606,05","7403,86","4472,53","369,04","2922,35", ,"5982,21","3125,07","3660,17","10217,78","38759,07"
ORATÓRIOS,"3198,8","657,26","1908,44","3235,07","1480,48","1021,4", ,"2410,11","4303,36","10943,68","29158,61"
ORIZÂNIA, , ,"2311,61", , , , , , , ,"2311,61"
OURO BRANCO,"11,98","112,24", ,"140,7","310,57","207,65","1035,29","966,64","510,02","2235,01","5530,09"
OURO FINO,"1868,57","991,88","152,07","1977,35","6271,16","257,88","913,91","266,54","3940,3","236,99","16876,66"
OURO PRETO,"5913516,92","5408834,94","5572932,29","5905053,51","8282665,6","6218738,47","6610258,15","7818719,25","8325784,1","8505790,21","68562293,44"
PADRE PARAÍSO, , , , , , ,"788,99","233,78", , ,"1022,77"
PAINS,"371150,92","165337,6","236112,7","220892,14","201589,1","213419,35","249762,73","296027,67","317807,76","369581,79","2641681,76"
PALMA,"6,72","40,08", ,"41,04","10,08","24,24","20,16","30,24", , ,"172,56"
PAPAGAIOS,"20910,5","12983,07","13639,02","15024,35","16624,96","19310,59","14539,35","22374,84","16797,79","16592,89","168797,36"
PARÁ DE MINAS,"4594,19","6198,55","33353,71","23119,28","6362,37","39719,43","4795,85","6598,72","162970,16","70376,56","358088,81"
PARACATU,"3598982,05","4429906,21","4548075,44","4360383,44","3807711,98","4897306,58","4925390,77","4945350,16","7406782,54","5035584,11","47955473,28"
PARAGUAÇU,"33,6","1348,78","578,84","620,74","708,79","298,55","515,6","1013,74","300,83","941,5","6360,98"
PARAISÓPOLIS,"1666,05",96,"5362,22",48,"705,16","627,7",120,"96,37",108,84,"8913,5"
PARAOPEBA,"6488,94","11628,9","7121,47","5374,7","7501,19","8851,46","1902,85","18002,89","3015,2","20235,76","90123,36"
PASSA QUATRO,"22764,68","30501,83","30722,5","23148,13","21602,07","22158,62","28212,17","16414,75","19093,41","22207,01","236825,17"
PASSA TEMPO,"63939,71","74776,92","32711,18","195856,93","202392,82","207271,73","187472,83","156362,89","180883,07","131674,51","1433342,59"
PASSOS,"2379,52","1360,27","5878,13","7008,29","2473,24","2167,52","2118,91","2219,74","1725,7","1751,41","29082,72"
PATOS DE MINAS,"342,8","9340,19","4474,15","45250,17","1858,46","3244,99","10059,7","12125,03","13158,34",8393,"108246,84"
PATROCÍNIO,"638996,19","756612,31","639293,89","849112,3","750828,32","760848,63","915716,17","771364,54","770630,37","964386,81","7817789,53"
PAVÃO, , ,"225,52", , , , , , , ,"225,52"
PEÇANHA, , , ,"112,59", , , , , , ,"112,59"
PEDRA AZUL,"212222,23","167629,85","165401,17","160062,7","182972,17","198932,65","208632,5","222617,84","220964,27","192617,15","1932052,55"
PEDRA DO ANTA, , , ,"4339,53","1053,77","10869,65","1848,79", , , ,"18111,74"
PEDRA DO INDAIÁ,"43,57","2269,62","35,07","16,86", ,"15,63","26,01", ,"15,93", ,"2422,69"
PEDRALVA, , ,"72,22","373,06", , , , , , ,"445,28"
PEDRAS DE MARIA DA CRUZ, , , ,"1614,32", , , , , , ,"1614,32"
PEDRO LEOPOLDO,"72093,69","166935,06","123007,82","108994,52","160877,89","133029,04","147217,04","137363,2","164244,19","182522,86","1396285,31"
PEDRO TEIXEIRA,81, , ,"32,64",48, ,"249,54","100,8", ,72,"583,98"
PEQUI,"320,81","384,52","223,39","308,53","246,46","273,48","225,05","183,55","299,71","257,72","2723,23"
PERDIGÃO,"52,94","13,61","24,92","97,15","65,44","37,3","402,76","60,98",36, ,"791,09"
PERDIZES,"832,2","4568,62","1832,96","1718,89","1787,43","1672,23","1978,07","1717,54","1552,88","1582,77","19243,58"
PERDÕES,"139,99","628,88","1189,01","1681,73","249,97","248,85","449,22","424,66","370,67","437,41","5820,38"
PIRACEMA,"334352,42","376089,96","464404,58","174891,74","298184,66","360668,93","185592,11","232493,05","127703,5","227212,39","2781593,33"
PIRANGA,"135,97","729,67","141,2","22248,21","135,38","220,34","192,31","157,32","167,89","207,8","24336,08"
PIRANGUINHO,"1208,7","1804,33","2666,51","3996,51","1208,89","2217,87","1290,8","856,01","1162,63","347,75",16760
PIRAPETINGA,"21,6", , , , , , , , , ,"21,6"
PIRAPORA,"995,94","4177,27","665,35","1096,85","1615,1","2873,33","2934,59","2613,93","2310,48","2672,73","21955,58"
PIRAÚBA, ,"663,79","439,52","439,01","442,66","215,69","209,01","216,89","1632,76","590,24","4849,57"
PITANGUI,"5347,11","2615,69","4474,01","5356,14","4897,99","3569,28","10264,93","7147,17","5562,64","3825,01","53059,96"
PIUMHI,"9,24","7,56","5,46","5,88","7,14","6,72","5,88","8,4","5,88", ,"62,16"
PLANURA, , , ,"35,41", , , , , , ,"35,41"
POÇO FUNDO, , , , , , ,"22,01","55,21", , ,"77,23"
POÇOS DE CALDAS,"39788,15","70163,72","81083,05","53733,46","51759,2","56253,82","75123,58","85106,63","84108,03","90329,29","687448,93"
POCRANE, ,"1446,7","369,5","443,66","430,6","705,72","437,18","475,64","340,76","2939,04","7588,81"
POMPÉU,"3653,09","1674,58","4198,56","4370,44","4891,99","4728,58","4494,3","4987,18","6301,72","3080,33","42380,77"
PONTE NOVA,"269,36","2404,3","1483,91","9104,99","822,31","710,28","627,52","655,9","661,28","654,42","17394,28"
PONTO DOS VOLANTES,"575,9", ,"193,53","256,54","256,97","310,49","124,09",426,"193,19","100,7","2437,42"
PORTEIRINHA,"333194,64","424085,9","103485,28","346794,68","249963,23","137029,42","243592,73","467829,37","198276,32","171617,45","2675869,03"
PORTO FIRME,"107,71","271,39", ,"830,57","113,92","121,19",228,"443,49","489,56", ,"2605,82"
POUSO ALEGRE,"28781,46","21527,41","23907,86","22588,03","21300,3","31799,61","29046,28","31928,53","30619,58","27819,8","269318,87"
POUSO ALTO, ,"9913,76","5889,27","6276,72","5594,81","4836,64","6636,22","3944,36","4017,68","4012,57","51122,03"
PRADOS,"57867,95","65091,29","100354,97","88645,99","79542,23","133034,62","100743,52","98531,65","123975,16","110048,51","957835,88"
PRATA,"1793,37","1534,79","1014,66","4502,6","1227,12","1900,47","2422,66","3529,66","2663,33","1068,13","21656,79"
PRATÁPOLIS,"134052,11","86002,73","1324,96","3300,8","2608,86","188522,84",58737,"75373,33","90905,82","117714,56",758543
PRESIDENTE BERNARDES,"19,2","4420,55","431,32","654,92","33,6","67,39","2577,77","782,9","512,71","109,8","9610,15"
PRESIDENTE JUSCELINO, ,"640,1","361,64", ,"689,82","1051,97", ,"767,36","1025,54","624,69","5161,12"
PRESIDENTE OLEGÁRIO,"81,07","442,4","755,45","33,67",337,"688,96","1154,08","145,87","183,93","1414,74","5237,17"
PRUDENTE DE MORAIS,"181824,62","81033,14","68747,73","70415,06","66813,94","49199,18","67642,97","59098,72","44043,4","189761,65","878580,4"
RAUL SOARES,"1491,77","2117,47","2314,24","1830,4","3775,72","2059,97","1604,21","507,86","281,08","315,51","16298,23"
REDUTO,"6855,08","6709,66","3715,88","4906,11","765,14","8300,87","6852,58","5539,16","4273,45","4889,05","52806,97"
RESENDE COSTA,"6013,7","5181,64","5,98","22,19","355,9","196,05","447,32","212,41","915,17","219,1","13569,46"
RESPLENDOR,"9912,84","10083,8","10938,38",7973,"9177,14","7964,9","9544,34","7647,52","8747,74","8731,88","90721,53"
RESSAQUINHA,"7669,52","7012,97","8503,69","4754,17","5556,8","6619,4","9940,25","7423,88","7314,82","10316,69","75112,2"
RIACHO DOS MACHADOS,"60231,87","234539,77","305225,47", ,"16221,2","263060,24","92170,82","14884,64","375310,12","529819,25","1891463,38"
RIBEIRÃO DAS NEVES,"20473,41","15112,21","15299,5","13823,91","15323,92","16982,4","19132,64","15065,16","17371,99","17156,44","165741,58"
RIBEIRÃO VERMELHO,"2288,52","2289,74","5205,46","2305,16","1750,16","1989,59","1800,86","2372,92","1682,53","2533,61","24218,55"
RIO ACIMA,"1467076,98","709913,71","860355,08","968398,3","1800565,99","1380275,89","1213430,65","720959,3","1322871,66","1529098,94","11972946,5"
RIO DOCE,"81,79","103,3","17,86","75,92","161,23","252,6","186,96","237,53","262,42","240,6","1620,2"
RIO MANSO,"44,27","54,13","58,21", , , ,"317,38", ,"200,33", ,"674,32"
RIO NOVO, ,"126,86", , , , ,"138,65", , , ,"265,51"
RIO PARDO DE MINAS,"148,12","596,3","36,19","548,22","140,89","157,02","1430,84","134,69","427,69","73,58","3693,54"
RIO PIRACICABA,"8322,43","7385,75","6771,63","15480,14","4015,45","4337,72","5460,04","344530,17","753090,52","19541,6","1168935,44"
RIO PRETO, ,"1619,32","794,02","517,85","786,18","813,67","1046,35","902,85","1032,55","768,87","8281,64"
RIO VERMELHO,"55,68","101,94", ,"230,71","122,2", , ,"110,96","48,48","106,08","776,05"
RITÁPOLIS,"8420,37","6724,42","3030,62","3472,7","6541,07","9543,61","17947,57","14217,04","13666,12","12809,38","96372,91"
RODEIRO, ,"413,24","12,92", ,"47,9","44,66","188,8", , , ,"707,52"
ROMARIA, ,"118,54","29,31","6,22","72,08", ,"265,03","58,76","58,42","966,33","1574,68"
ROSÁRIO DA LIMEIRA, ,"70249,53","26306,93","1252,72", , , , , , ,"97809,18"
RUBELITA,"17382,73","3898,37", ,"2141,27","5898,01","3065,87","7410,61","16997,11","8978,2","13765,49","79537,67"
SABARÁ,"1089522,98","2666976,33","2957075,15","865527,08","2262310,04","2984776,42","1067387,73","2984058,82","2913389,63","1041753,91","20832778,1"
SABINÓPOLIS,"2110,66","1508,55","38,11","19324,74","3730,24","2230,46","131,58","184,32","35241,98","234,31","64734,94"
SACRAMENTO,"461,08","1472,99","198,81","232,96","160,24","286,41","1737,22","320,08","1107,72","193,45","6170,96"
SALINAS,"20915,42","5264,14","8440,16","17086,79","12634,96","9914,43","14365,87","20821,75","18016,21","11326,55","138786,29"
SALTO DA DIVISA,"56863,92","55069,11","48883,39","68538,21","92511,02","94733,24","81004,8","85365,07","107102,52","134164,75","824236,03"
SANTA BÁRBARA,"782328,57","1521482,17","2011949,32","1022965,09","2119403,03","2061571,6","2441331,48","2384945,05","2328109,62","2333864,79","19007950,72"
SANTA BÁRBARA DO MONTE VERDE,"2274,38","1507,32","2452,26","1096,52", ,"275,77", ,"6074,33","3277,17", ,"16957,75"
SANTA BÁRBARA DO TUGÚRIO,"111,5","510,14", ,"256,4","226,85","169,12","292,72","187,17","265,13","113,56","2132,59"
SANTA CRUZ DE MINAS, ,"2482,41","5545,81","2400,32","2564,29","3645,76","3901,6",1447,"3089,75","2224,06","27300,99"
SANTA CRUZ DE SALINAS,"9,25", , , , , , , ,"109,1", ,"118,35"
SANTA CRUZ DO ESCALVADO,"290,14", , ,"6624,65", , , , , , ,"6914,79"
SANTA JULIANA,"466,36","456,75","348,55","604,7","617,24","412,51","496,31","376,41","755,36","836,71","5370,9"
SANTA LUZIA,"63816,25","33897,27","38318,29","46733,25","62206,99","42809,58","32225,29","32839,26","49828,67","40272,85","442947,7"
SANTA MARIA DE ITABIRA,"75648,73","71946,25","96953,21","242616,82","168027,76","195325,29","219857,4","203016,44","210815,15", ,"1484207,06"
SANTA RITA DE CALDAS,"17340,46","31723,4","18953,98","4643,23","14985,22","7789,78","13577,53","29041,89","16984,93",3,"155043,4"
SANTA RITA DE IBITIPOCA,"11,76","4,41","24,7", ,"14,14","11,76","4,24", ,"18,82", ,"89,83"
SANTA RITA DE JACUTINGA,429,"309,6","298,18","1125,05","326,52","370,29","264,24","395,56","149,04","162,45","3829,93"
SANTA RITA DO ITUETO,"8791,39","37631,02","48041,82","28299,69","33801,37","35577,01","30592,6","38562,46","34389,12","32407,69","328094,17"
SANTA RITA DO SAPUCAÍ,"52,64","73,08","3811,19","42,25","189,44","186,25","90,25","203,95","84,74","322,23","5056,03"
SANTA ROSA DA SERRA,"5289,19","4519,03","3347,17","3619,51","3385,96","3939,39","5267,23","5452,18","3377,07","2840,17","41036,9"
SANTA VITÓRIA,"669,19","902,47","599,63","201,7","1172,27","296,86","1738,39","789,34","268,51","291,13","6929,48"
SANTANA DE PIRAPAMA, , ,"280,52", , , , , , , ,"280,52"
SANTANA DO JACARÉ,"146,31","687,67","163,3","555,5","222,69","253,32","351,06","175,44","287,77","162,15","3005,21"
SANTANA DO MANHUAÇU,"514,37","599,2","629,01","80,75","480,69","363,99", ,"550,91","539,61","510,67","4269,19"
SANTO ANTÔNIO DO GRAMA,"16224,58","51,28","14501,56","14463,49","17229,74","16065,99","13917,04","18135,22","30240,35","19135,95","159965,21"
SANTO ANTÔNIO DO MONTE,"82,57","299,11","26,4","19,64","164,4","161,4","72,56","366,94","280,18","373,36","1846,56"
SANTO ANTÔNIO DO RETIRO,"1819,7","2795,87","2816,25", ,"922,19","1996,14","1772,05","2882,9","4110,81","690,79","19806,7"
SANTO HIPÓLITO, , , ,"871,57","1622,54","3509,84","4039,81","2483,35","1770,5","3091,42","17389,02"
SANTOS DUMONT,"1195,22", ,"788,94", ,"1321,1", , ,"77,78", , ,"3383,04"
SÃO DOMINGOS DO PRATA,"640,73","880,23","756,99","743,88","668,66","680,77","1203,42","1209,1","1207,66","1130,98","9122,41"
SÃO FRANCISCO,"1782,7","1451,53","1417,55","9552,68","1979,83","3093,44","3895,69","5272,31","3964,17","2683,11","35093,01"
SÃO FRANCISCO DE PAULA,"185,15", , ,"73,45","72,86","754,02","408,65","1049,31","330,17","86,36","2959,96"
SÃO FRANCISCO DE SALES, , ,"25,17", , , ,"277,85", ,"354,44","667,91","1325,36"
SÃO FRANCISCO DO GLÓRIA, ,"165,55", ,"148,15", , , , , , ,"313,7"
SÃO GERALDO,"10510,21","4719,39","5498,65","3754,27","3684,66","4765,09","5116,27","6833,4","5400,47","5817,76","56100,17"
SÃO GERALDO DO BAIXIO,"9986,38","9188,13","9761,81", , ,"14502,46", ,"12137,3","1049,85","2867,22","59493,16"
SÃO GONÇALO DO ABAETÉ,"1860,15","1442,22",112,"105,94","368,2","2985,43","1178,69","1098,59","1073,03","1290,7","11514,95"
SÃO GONÇALO DO PARÁ,"1297,48","409,06","445,07","676,9","228,24","298,27","496,39","984,7","674,56","1646,71","7157,37"
SÃO GONÇALO DO RIO ABAIXO,"10514750,84","14953878,94","13444177,37","18431698,16","14984177,83","12100745,83","9662556,01","12415435,46","14918090,29","14092042,37","135517553,09"
SÃO GONÇALO DO RIO PRETO,"8708,89","2456,21","9345,51", ,"127,34","11509,81", ,"7075,66","10671,47","7189,3","57084,2"
SÃO GONÇALO DO SAPUCAÍ,"54,24","351,59","44,38","67,8","62,61","55,03", ,"8036,02","5327,27","8957,75","22956,68"
SÃO GOTARDO,"8655,15","5689,01","4732,44","5580,15","4716,5","3277,28","5450,92","6145,4","7221,15","4066,53","55534,54"
SÃO JOÃO BATISTA DO GLÓRIA,"1262,33","10,75","813,74","2161,91","997,13","983,97","859,07","798,7","564,35","210,96","8662,91"
SÃO JOÃO DA LAGOA, ,"250,52", , , , , , , , ,"250,52"
SÃO JOÃO DEL REI,"15427,8","85809,82","48002,03","27375,89","62874,86","30983,13","52254,4","47064,84","50235,89","49092,38","469121,06"
SÃO JOÃO DO MANHUAÇU,"1413,07","1918,3","2728,96",1507,"3325,9","2492,71","2839,63","3170,52","2905,23","4821,58","27122,9"
SÃO JOÃO DO ORIENTE, ,"74,4", , , , , , , , ,"74,4"
SÃO JOÃO DO PARAÍSO,"19140,62","16889,2","8050,83","9658,93","15511,98","14996,18","18056,19","14599,12","13276,15","14346,34","144525,53"
SÃO JOAQUIM DE BICAS,"155215,93","144729,54","397253,18","54700,79","365280,38","191677,45","246030,92","670201,46","230121,27","166546,58","2621757,5"
SÃO JOSÉ DA BARRA,"55,92","4607,08","2795,08","1952,46","1369,2","1662,24","1768,64","1281,47","1099,25","1159,37","17750,71"
SÃO JOSÉ DA LAPA,"101151,16","22554,02","15889,3","18251,72","18599,21","63033,61","30489,16","31499,24","23219,92","25449,8","350137,15"
SÃO JOSÉ DA SAFIRA,"1641,53", ,"2161,97","950,16", ,"976,22",840,"322,74","880,79","4054,25","11827,66"
SÃO JOSÉ DA VARGINHA,"7,06", , , , , , , , , ,"7,06"
SÃO JOSÉ DO ALEGRE,"543,37","426,46","268,92",167,"173,45","232,63","175,38","118,42","287,48","154,42","2547,53"
SÃO JOSÉ DO DIVINO,"94,75", ,"38,72","9,62","16,3","30,73","64,07", , , ,"254,2"
SÃO JOSÉ DO GOIABAL,"85,19","61,66","88,75","99,49","77,87","90,46","128,87","55,1","158,57","73,92","919,87"
SÃO LOURENÇO,"52419,68","63249,38","67053,76","59343,88","58226,04","62746,4","46744,82","50128,28","41651,81","37349,18","538913,25"
SÃO SEBASTIÃO DA BELA VISTA,"358,6","148,74","65355,64","1837,51","210,4", ,"529,64","444,56","216,7","91,11","69192,89"
SÃO SEBASTIÃO DA VARGEM ALEGRE, ,"27547,88","97610,32","65395,28","75849,17","12394,73","26404,96","54949,43","85415,01","109350,11","554916,89"
SÃO SEBASTIÃO DO MARANHÃO, , , , , , , , ,"5219,77","1778,35","6998,12"
SÃO SEBASTIÃO DO OESTE, ,"53,8","24,79","27,1","25,46","28,51","26,07", , , ,"185,73"
SÃO SEBASTIÃO DO PARAÍSO,"13710,2","18865,73","15200,71","18722,47","10549,41","15073,22","16871,68","14654,24","18470,6","21707,41","163825,67"
SÃO SEBASTIÃO DO RIO VERDE,36,"283,2","208,8","144,75",48,"131,71", ,"324,15",72,"182,64","1431,25"
São Tomé das Letras,"3960,13","7041,37","4778,65","8774,05","6297,3","6494,26","4105,67","6067,33","5797,59","7842,11","61158,46"
SÃO VICENTE DE MINAS,"598,24","1298,07","2158,68","603,37","549,03","717,71","903,19","864,49","730,86","956,82","9380,45"
SAPUCAÍ-MIRIM,"90,48","149,62","103,49","75,99","60,5","41,18","30,05","35,63","30,05", ,"616,99"
SARZEDO,"1731026,8","1846930,46","1697392,85","1392700,71","24356,7","2604392,75","1234624,74","1633531,13","1534723,49","25137,61","13724817,24"
SENADOR FIRMINO,24, ,"16,14","42,15","49,75","145,46","214,2",21,"159,13","128,24","800,08"
SENADOR MODESTINO GONÇALVES, ,"39748,13","16920,62","16789,97","14819,76","18907,51","17671,58","13168,63","14224,8","17183,78","169434,77"
SERITINGA,"82,44","22,3","13,23","107,09","12,46","717,86","22,73", ,"34,51", ,"1012,63"
SERRA DA SAUDADE,"32,41", ,"7,37","44,69","110,19","51,34", , , , ,"245,99"
SERRA DO SALITRE,"75094,05","83247,8","128396,25","160131,03","171779,95","101008,27","120419,99","789547,54","422720,27","158753,18","2211098,33"
SERRA DOS AIMORÉS,"963,76","507,45","1482,55","1304,08","1402,03","1881,22","833,35","752,3","339,63","811,4","10277,77"
SERRANIA, , ,"546,98",72,"85,31","64,47", ,"101,23", , ,"869,99"
SERRANÓPOLIS DE MINAS, ,"51,6","13,08","8,4","16,8","46,8","34,8",24,48, ,"243,48"
SERRANOS,"22,8","40,29","18,9","18,97","8,64", ,"40,59","18,9","17,01", ,"186,1"
SERRO,"1002,25","2456,47", ,"3661,49","1367,45","1381,93", ,"4875,59","2175,02","2961,23","19881,44"
SETE LAGOAS,"50296,75","59074,42","58420,44","49999,75","43135,72","59781,9","67286,84","57882,19","52888,65","61850,69","560617,34"
SILVEIRÂNIA,72,36,36,72,36,36,36,108,108, ,540
SIMÃO PEREIRA,"510,98","1754,93","262,69", ,"220,38", , ,"455,74","305,09", ,"3509,81"
SOLEDADE DE MINAS,"767,45","464,76","347,51","246,73","410,39","172,07","294,38","193,86","164,7","192,9","3254,75"
TABULEIRO,"657,05","2008,68","338,64", ,"467,38","1331,45","309,16","43,62", , ,"5155,98"
TAIOBEIRAS,"716,09","1529,08","657,69","1784,5","12119,28","1587,59","8237,46","1807,44",2860,"8530,23","39829,36"
TAPARUBA,"302,98","90,73", , ,"441,86","554,84","664,05","568,71","508,25","423,44","3554,87"
TAPIRA,"909720,1","891658,12","1039946,94","971257,74","961306,19","888035,26","1079257,85","1004450,54","1040743,99","840085,38","9626462,11"
TAQUARAÇU DE MINAS,"11462,86","12573,48","10371,34","10167,93", ,"11141,64","16868,03","26829,88","19490,32","17453,72","136359,2"
TARUMIRIM,"31,92","147,25","83,13","84,83","37,35","96,92","70,04","78,37","149,28","185,94","965,03"
TEÓFILO OTONI,"16655,53","10664,43","665,86","9183,47","2690,54","6523,34","4505,29","6711,47","6275,76","7166,76","71042,44"
TIMÓTEO,"10979,62","10862,11","10318,55","9053,73","8761,06","10252,93","9714,5","15983,64","15846,23","12307,92","114080,29"
TIRADENTES,"912,25","925,74","919,1","1778,59","1100,49","1203,19","1269,59","2543,98","2953,83","2961,79","16568,54"
TIROS,"237,65", , , , , , , ,"5469,7", ,"5707,36"
TOCANTINS,"2709,26","2700,36", ,"4917,53","3336,75","3993,08","2725,14","3594,41","3562,33","4429,64","31968,5"
TOCOS DO MOJI, , , , ,"187,07", , , , , ,"187,07"
TOMBOS,"604,32","563,29","410,1","88,33","1112,43","913,87","1405,1","1383,98","3602,2","2536,19","12619,8"
TRÊS CORAÇÕES,"288,9","9486,6","4557,61","4287,1","5472,31","9231,62","6074,12","31366,98","28276,44","22085,6","121127,27"
TRÊS MARIAS, , , ,"888,57", , , , , , ,"888,57"
TUMIRITINGA,18,"78,5",27, , ,"13,32","354,79", ,"18,05","62,26","571,93"
TUPACIGUARA,"1630,43","1449,78","1579,06","2025,94", ,"2906,75","2330,57",324, , ,"12246,53"
TURMALINA,"7336,36","5136,41","5240,21","3338,71","4759,6","7583,94","6619,67","6552,6","11334,96","9995,42","67897,89"
TURVOLÂNDIA, ,"64,95",21,"34,74","34,2","34,88","96,06","47,52","38,22","56,89","428,46"
UBÁ,"870,76","8855,29","5998,99","3659,27","3204,75","4309,15","5404,22","5953,33","5711,54","6280,12","50247,42"
UBERABA,"55102,49","54251,62","69142,4","102974,02","45173,39","110660,96","75916,26","77987,92","137221,85","132553,16","860984,06"
UBERLÂNDIA,"33839,02","27908,48","16756,88","14343,38","19504,19","25534,36","25582,43","19936,66","23231,42","32586,67","239223,5"
UNAÍ,"20072,05","18950,15","5243,75","10825,07","7050,63","12459,07","28069,01","46094,04","49535,86","38442,47","236742,09"
URUCÂNIA,"39,12","158,27","65,87","179,47","101,23","92,71","111,86","183,68","64,06","119,84","1116,11"
URUCUIA, , , , , , , ,"6239,47", , ,"6239,47"
VARGEM GRANDE DO RIO PARDO, , , ,"308,79","6663,65","6329,64","5539,57","6251,21","516,22", ,"25609,08"
VARGINHA,"21999,85","16677,56","24800,54","59364,61","36834,79","40647,23","32199,47","33425,72","38804,33","33010,63","337764,73"
VARJÃO DE MINAS,"15453,38","14889,53","8537,54","21114,44","7452,43","7088,84","10852,02","17782,91","14403,25","18082,37","135656,69"
VÁRZEA DA PALMA,"1181,3","4515,91","1204,55","1224,55","1227,64","1228,87","1269,17","1271,39","1352,78","2294,46","16770,61"
VAZANTE,"678,37","599571,54","522585,31","1721450,11","541580,21","532716,38","531128,91","505610,84","561658,01","531846,84","6048826,52"
VEREDINHA, ,"314,74","129,74","100,91","220,08","425,43","464,6","191,88","247,99","299,27","2394,63"
VERÍSSIMO,"16,32", , ,"2,09", , , , , , ,"18,41"
VESPASIANO,"80122,69","18027,46","13599,01","15726,29","16390,94","59392,02","26441,62","27923,12","18913,48","22444,72","298981,34"
VIRGEM DA LAPA,"588,37",26960,"159,16", ,"15,74","330,69","1476,68","112,06","167,33","1957,87","31767,89"
VIRGINÓPOLIS,"419,04","4045,08","858,25", , ,"470,69", ,"564,94","12397,63","26910,19","45665,81"
VISCONDE DO RIO BRANCO,"45,33","447,29","245,5","403,37","96,32","536,21","64,69","305,34","442,93","98,47","2685,46"
WENCESLAU BRAZ,"186,25","207,77","264,61","88,63","34,49","162,73","123,98","154,19","130,93","215,12","1568,71"
